{
    "<pad>": 0,
    "<s>": 1,
    "</s>": 2,
    "<unk>": 3,
    "/": 4,
    "'": 5,
    "|": 6,
    ">": 7,
    "&": 8,
    "<": 9,
    "}": 10,
    "A": 11,
    "b": 12,
    "p": 13,
    "t": 14,
    "v": 15,
    "j": 16,
    "H": 17,
    "x": 18,
    "d": 19,
    "*": 20,
    "r": 21,
    "z": 22,
    "s": 23,
    "$": 24,
    "S": 25,
    "D": 26,
    "T": 27,
    "Z": 28,
    "E": 29,
    "g": 30,
    "_": 31,
    "f": 32,
    "q": 33,
    "k": 34,
    "l": 35,
    "m": 36,
    "n": 37,
    "h": 38,
    "w": 39,
    "Y": 40,
    "y": 41,
    "F": 42,
    "N": 43,
    "K": 44,
    "a": 45,
    "u": 46,
    "i": 47,
    "~": 48,
    "o": 49,
    "`": 50,
    "{": 51,
    "P": 52,
    "J": 53,
    "V": 54,
    "G": 55
}